2120,1523704999.0,True,False,12619,1653610812.0,,False,uylivq,False,False,False,t3_uylivq,407,False,26227,,False,False,5493426,Down ~120lbs in 13 months! [OC],0.97,https://i.redd.it/e5ik758cww191.png
807,1543083028.0,True,False,24171,1653607166.0,,False,uykc3q,False,False,False,t3_uykc3q,2087,False,43706,,False,False,834077,r/conservative starting to see the signs...,0.87,https://i.redd.it/0irhocqklw191.jpg
2973,1614483899.0,True,True,518918,1653574656.0,,False,ug4ekc,False,False,False,t3_ug4ekc,710,False,130039,,False,False,12179425,ðŸ”®WallStreetBets Predictions Tournament for May 2022ðŸ”®,0.92,https://reddit.com/r/wallstreetbets/predictions?tournament=tnmt-a2f22025-5448-4d24-ad0c-6cbab5f6f24e
7504,1483565839.0,True,False,17426,1653605439.0,,False,uyjqsw,False,False,False,t3_uyjqsw,1882,False,22314,,False,False,24715047,"11-Year-Old Survivor of Uvalde Massacre Put Blood on Herself and Played Dead, Aunt Says",0.97,https://www.nbcdfw.com/news/local/texas-news/11-year-old-survivor-of-uvalde-massacre-put-blood-on-herself-played-dead-aunt/2978865/
102547,1565320286.0,True,True,12611146,1653603670.0,,False,uyj4py,False,False,False,t3_uyj4py,396,False,20805,,False,False,2535853,Greg Abbott is a shitbag,0.95,https://i.redd.it/e9diwtd6bw191.jpg
30230,1590755351.0,True,False,1811489,1653611054.0,,False,uylljo,False,False,False,t3_uylljo,900,False,8054,,False,False,6275659,when you take the job before reading the job description,0.98,https://i.redd.it/4fpwt2s4xw191.jpg
15303,1592735998.0,True,False,12750,1653601932.0,,False,uyii75,True,False,False,t3_uyii75,1344,False,28449,,False,False,19957719,Got my piece of shot down Russian plane today after donating to dronesforukraine.fund,0.87,https://i.redd.it/y6jrefc06w191.jpg
447,1637751640.0,False,True,12474,1653599316.0,,False,uyhl2b,False,False,False,t3_uyhl2b,228,False,31254,,False,False,9712295,4 shades of blue in one photo in Antarctica,0.92,https://i.redd.it/echm7476yv191.jpg
393,1434721445.0,True,False,23979,1653597472.0,,False,uygxab,False,False,False,t3_uygxab,1013,False,35424,,False,False,40783393,Found at a local brewery! Finally have something to water my plants with.,0.92,https://i.redd.it/bt62qe0qsv191.jpg
40253,1612358834.0,False,False,7483,1653603741.0,,False,uyj5ld,False,False,False,t3_uyj5ld,322,False,19724,,False,False,5551835,Social media has ruined us,0.79,https://i.imgur.com/Wy55KJL.jpg
